{ "compressionlevel":-1,
 "height":15,
 "infinite":false,
 "layers":[
        {
         "data":[5, 5, 5, 5, 5, 5, 5, 5, 5, 5, 5, 5, 5, 5, 5,
            5, 5, 5, 5, 5, 5, 5, 5, 5, 5, 5, 5, 5, 6, 5,
            6, 5, 5, 5, 5, 5, 1, 4, 4, 4, 4, 4, 2, 5, 5,
            5, 5, 5, 5, 5, 5, 3, 27, 28, 27, 28, 28, 10, 5, 5,
            5, 5, 5, 6, 5, 5, 3, 28, 27, 28, 27, 27, 10, 5, 5,
            5, 5, 5, 5, 5, 5, 3, 27, 27, 27, 27, 27, 10, 5, 5,
            5, 5, 5, 5, 5, 5, 3, 27, 27, 27, 28, 27, 10, 5, 5,
            5, 5, 5, 5, 5, 5, 3, 28, 28, 28, 27, 27, 10, 5, 6,
            5, 5, 5, 6, 6, 5, 3, 27, 28, 27, 27, 27, 10, 5, 6,
            5, 5, 5, 5, 5, 5, 3, 28, 27, 27, 27, 28, 10, 5, 5,
            5, 5, 5, 5, 5, 6, 3, 27, 27, 27, 27, 27, 10, 5, 5,
            5, 5, 5, 5, 5, 5, 3, 28, 27, 28, 27, 28, 10, 6, 5,
            5, 6, 5, 5, 5, 5, 7, 9, 9, 9, 9, 9, 8, 5, 5,
            5, 6, 6, 5, 6, 6, 5, 5, 5, 5, 5, 5, 5, 5, 5,
            5, 6, 5, 5, 6, 6, 6, 5, 5, 6, 5, 5, 6, 5, 5],
         "height":15,
         "id":1,
         "name":"background",
         "opacity":1,
         "type":"tilelayer",
         "visible":true,
         "width":15,
         "x":0,
         "y":0
        }, 
        {
         "data":[0, 0, 0, 0, 0, 0, 0, 0, 0, 0, 0, 0, 0, 0, 0,
            0, 0, 0, 0, 0, 0, 0, 0, 0, 0, 0, 0, 0, 0, 0,
            0, 0, 0, 0, 0, 0, 0, 0, 0, 0, 0, 0, 0, 0, 0,
            0, 0, 0, 0, 0, 0, 0, 27, 27, 27, 28, 27, 0, 0, 0,
            0, 0, 0, 0, 0, 0, 0, 27, 28, 27, 27, 27, 0, 0, 0,
            0, 0, 0, 0, 0, 0, 0, 27, 27, 28, 28, 27, 0, 0, 0,
            0, 0, 0, 0, 0, 0, 0, 27, 28, 27, 27, 27, 0, 0, 0,
            0, 0, 0, 0, 0, 0, 0, 28, 27, 27, 27, 27, 0, 0, 0,
            0, 0, 0, 0, 0, 0, 0, 27, 28, 27, 28, 28, 0, 0, 0,
            0, 0, 0, 0, 0, 0, 0, 27, 27, 27, 27, 27, 0, 0, 0,
            0, 0, 0, 0, 0, 0, 0, 27, 27, 27, 27, 27, 0, 0, 0,
            0, 0, 0, 0, 0, 0, 0, 28, 27, 27, 28, 27, 0, 0, 0,
            0, 0, 0, 0, 0, 0, 0, 0, 0, 0, 0, 0, 0, 0, 0,
            0, 0, 0, 0, 0, 0, 0, 0, 0, 0, 0, 0, 0, 0, 0,
            0, 0, 0, 0, 0, 0, 0, 0, 0, 0, 0, 0, 0, 0, 0],
         "height":15,
         "id":3,
         "name":"soil",
         "opacity":1,
         "type":"tilelayer",
         "visible":true,
         "width":15,
         "x":0,
         "y":0
        }],
 "nextlayerid":4,
 "nextobjectid":29,
 "orientation":"orthogonal",
 "renderorder":"right-down",
 "tiledversion":"1.11.2",
 "tileheight":16,
 "tilesets":[
        {
         "columns":6,
         "firstgid":1,
         "image":"tileTest.png",
         "imageheight":80,
         "imagewidth":96,
         "margin":0,
         "name":"ground",
         "spacing":0,
         "tilecount":30,
         "tileheight":16,
         "tilewidth":16
        }],
 "tilewidth":16,
 "type":"map",
 "version":"1.10",
 "width":15
}