{
	"textures": [
		{
			"image": "skeleton.png",
			"format": "RGBA8888",
			"size": {
				"w": 14,
				"h": 234
			},
			"scale": 1,
			"frames": [
				{
					"filename": "skeleton-front/01",
					"rotated": false,
					"trimmed": true,
					"sourceSize": {
						"w": 16,
						"h": 16
					},
					"spriteSourceSize": {
						"x": 2,
						"y": 0,
						"w": 12,
						"h": 16
					},
					"frame": {
						"x": 1,
						"y": 1,
						"w": 12,
						"h": 16
					}
				},
				{
					"filename": "skeleton-walk-down/01",
					"rotated": false,
					"trimmed": true,
					"sourceSize": {
						"w": 16,
						"h": 16
					},
					"spriteSourceSize": {
						"x": 2,
						"y": 0,
						"w": 12,
						"h": 16
					},
					"frame": {
						"x": 1,
						"y": 19,
						"w": 12,
						"h": 16
					}
				},
				{
					"filename": "skeleton-walk-down/02",
					"rotated": false,
					"trimmed": true,
					"sourceSize": {
						"w": 16,
						"h": 16
					},
					"spriteSourceSize": {
						"x": 2,
						"y": 0,
						"w": 12,
						"h": 16
					},
					"frame": {
						"x": 1,
						"y": 37,
						"w": 12,
						"h": 16
					}
				},
				{
					"filename": "skeleton-walk-down/03",
					"rotated": false,
					"trimmed": true,
					"sourceSize": {
						"w": 16,
						"h": 16
					},
					"spriteSourceSize": {
						"x": 2,
						"y": 0,
						"w": 12,
						"h": 16
					},
					"frame": {
						"x": 1,
						"y": 55,
						"w": 12,
						"h": 16
					}
				},
				{
					"filename": "skeleton-walk-left/01",
					"rotated": false,
					"trimmed": true,
					"sourceSize": {
						"w": 16,
						"h": 16
					},
					"spriteSourceSize": {
						"x": 2,
						"y": 0,
						"w": 12,
						"h": 16
					},
					"frame": {
						"x": 1,
						"y": 73,
						"w": 12,
						"h": 16
					}
				},
				{
					"filename": "skeleton-walk-left/02",
					"rotated": false,
					"trimmed": true,
					"sourceSize": {
						"w": 16,
						"h": 16
					},
					"spriteSourceSize": {
						"x": 2,
						"y": 0,
						"w": 12,
						"h": 16
					},
					"frame": {
						"x": 1,
						"y": 91,
						"w": 12,
						"h": 16
					}
				},
				{
					"filename": "skeleton-walk-left/03",
					"rotated": false,
					"trimmed": true,
					"sourceSize": {
						"w": 16,
						"h": 16
					},
					"spriteSourceSize": {
						"x": 2,
						"y": 0,
						"w": 12,
						"h": 16
					},
					"frame": {
						"x": 1,
						"y": 109,
						"w": 12,
						"h": 16
					}
				},
				{
					"filename": "skeleton-walk-right/01",
					"rotated": false,
					"trimmed": true,
					"sourceSize": {
						"w": 16,
						"h": 16
					},
					"spriteSourceSize": {
						"x": 1,
						"y": 0,
						"w": 12,
						"h": 16
					},
					"frame": {
						"x": 1,
						"y": 127,
						"w": 12,
						"h": 16
					}
				},
				{
					"filename": "skeleton-walk-right/02",
					"rotated": false,
					"trimmed": true,
					"sourceSize": {
						"w": 16,
						"h": 16
					},
					"spriteSourceSize": {
						"x": 1,
						"y": 0,
						"w": 12,
						"h": 16
					},
					"frame": {
						"x": 1,
						"y": 145,
						"w": 12,
						"h": 16
					}
				},
				{
					"filename": "skeleton-walk-right/03",
					"rotated": false,
					"trimmed": true,
					"sourceSize": {
						"w": 16,
						"h": 16
					},
					"spriteSourceSize": {
						"x": 1,
						"y": 0,
						"w": 12,
						"h": 16
					},
					"frame": {
						"x": 1,
						"y": 163,
						"w": 12,
						"h": 16
					}
				},
				{
					"filename": "skeleton-walk-up/01",
					"rotated": false,
					"trimmed": true,
					"sourceSize": {
						"w": 16,
						"h": 16
					},
					"spriteSourceSize": {
						"x": 2,
						"y": 0,
						"w": 12,
						"h": 16
					},
					"frame": {
						"x": 1,
						"y": 181,
						"w": 12,
						"h": 16
					}
				},
				{
					"filename": "skeleton-walk-up/02",
					"rotated": false,
					"trimmed": true,
					"sourceSize": {
						"w": 16,
						"h": 16
					},
					"spriteSourceSize": {
						"x": 2,
						"y": 0,
						"w": 12,
						"h": 16
					},
					"frame": {
						"x": 1,
						"y": 199,
						"w": 12,
						"h": 16
					}
				},
				{
					"filename": "skeleton-walk-up/03",
					"rotated": false,
					"trimmed": true,
					"sourceSize": {
						"w": 16,
						"h": 16
					},
					"spriteSourceSize": {
						"x": 2,
						"y": 0,
						"w": 12,
						"h": 16
					},
					"frame": {
						"x": 1,
						"y": 217,
						"w": 12,
						"h": 16
					}
				}
			]
		}
	],
	"meta": {
		"app": "https://www.codeandweb.com/texturepacker",
		"version": "3.0",
		"smartupdate": "$TexturePacker:SmartUpdate:08b3c17999f298906d639e550b18be07:883e27487df109f7b3522f00b526a319:d250a93a37aebe3125719817b45d8e4d$"
	}
}
